S,i,g,n, ,u,s, ,u,p, ,f,o,r, ,o,n,e, ,o,f, ,t,h,e,s,e, ,c,a,r,s, ,üëè, ,h,t,t,p,s,:,/,/,t,.,c,o,/,q,z,a,C,Q,O,m,a,h,m
G,e,t, ,f,i,r,e,d, ,u,p, ,a,b,o,u,t, ,t,h,e,s,e, ,n,e,w, ,g,a,s, ,g,r,i,l,l,s, ,h,t,t,p,s,:,/,/,t,.,c,o,/,E,6,b,P,w,k,j,n,v,W, ,h,t,t,p,s,:,/,/,t,.,c,o,/,F,X,9,i,F,m,R,V,Z,2
E,i,l,e,e,n, ,H,i,g,g,i,n,s,‚Äô,s, ,s,u,r,p,r,i,s,e, ,v,i,c,t,o,r,y, ,i,n, ,a, ,h,e,a,v,i,l,y, ,H,i,s,p,a,n,i,c, ,d,i,s,t,r,i,c,t, ,h,a,s, ,d,e,e,p,l,y, ,u,n,s,e,t,t,l,e,d, ,R,e,p,u,b,l,i,c,a,n,s, ,i,n, ,S,o,u,t,h, ,F,l,o,r,i,d,a,",",‚Ä¶, ,h,t,t,p,s,:,/,/,t,.,c,o,/,X,H,F,C,U,r,o,n,9,Q
W,h,y, ,a,n, ,M,B,A, ,i,s,n,‚Äô,t, ,w,o,r,t,h, ,i,t,",", ,a,c,c,o,r,d,i,n,g, ,t,o, ,t,h,i,s, ,s,e,l,f,-,m,a,d,e, ,m,u,l,t,i,m,i,l,l,i,o,n,a,i,r,e, ,h,t,t,p,s,:,/,/,t,.,c,o,/,t,9,H,X,1,C,p,5,U,M, ,h,t,t,p,s,:,/,/,t,.,c,o,/,6,3,Y,U,5,v,1,z,P,k
h,t,t,p,s,:,/,/,t,.,c,o,/,w,x,x,F,K,Y,u,V,N,w
.,@,S,c,h,w,a,r,z,e,n,e,g,g,e,r, ,S,c,o,l,d,s, ,P,r,e,s,i,d,e,n,t, ,@,r,e,a,l,D,o,n,a,l,d,T,r,u,m,p, ,B,o,b,b,l,e,h,e,a,d, ,a,b,o,u,t, ,',F,o,o,l,i,s,h,', ,C,o,a,l, ,E,f,f,o,r,t,s, ,i,n, ,C,l,i,m,a,t,e, ,C,h,a,n,g,e, ,V,i,d,e,o,"
",h,t,t,p,s,:,/,/,t,.,c,o,/,G,C,8,t,L,l,W,d,Z,W
R,T, ,@,a,n,i,m,e,s,h,_,g,a,r,g,:, ,G,r,e,a,t, ,t,a,l,k, ,o,n, ,N,e,u,r,a,l, ,M,a,p,s, ,b,y, ,‚Å¶,@,r,s,a,l,a,k,h,u,‚Å©, ,a,t, ,t,h,e, ,w,o,r,k,s,h,o,p, ,o,n, ,c,a,u,s,a,l,i,t,y, ,a,n,d, ,i,m,i,t,a,t,i,o,n, ,a,t, ,#,R,S,S,2,0,1,8, ,h,t,t,p,s,:,/,/,t,.,c,o,/,J,C,j,j,a,z,8,G,1,k
i,t, ,i,s, ,t,i,m,e, ,t,o, ,d,r,i,n,k, ,h,y,d,r,a,t,i,o,n,",", ,t,h,a,n,k, ,y,o,u, ,b,i,o,l,o,g,i,c,a,l, ,b,e,i,n,g,.
M,o,m,e,n,t,s, ,a,g,o,",", ,@,S,e,n,G,i,l,l,i,b,r,a,n,d, ,t,w,e,e,t,e,d, ,a,b,o,u,t, ,a,t,t,e,n,d,i,n,g, ,a, ,#,F,a,m,i,l,i,e,s,B,e,l,o,n,g,T,o,g,e,t,h,e,r, ,m,a,r,c,h,., ,h,t,t,p,s,:,/,/,t,.,c,o,/,r,a,8,P,q,C,y,X,S,T, ,h,t,t,p,s,:,/,/,t,.,c,o,/,D,d,B,f,x,3,g,v,J,r
P,U,R,A, ,A,u,r,o,r,a, ,I,n,t,r,o,d,u,c,e,s, ,A,r,t,i,f,i,c,i,a,l, ,I,n,t,e,l,l,i,g,e,n,c,e, ,(,A,I,), ,a,n,d, ,M,o,b,i,l,e, ,M,i,n,i,n,g, ,h,t,t,p,s,:,/,/,t,.,c,o,/,G,V,E,k,z,n,k,Z,2,G
N,e,t,f,l,i,x, ,m,a,r,t,i,a,l, ,a,r,t,s, ,s,e,r,i,e,s, ,w,i,l,l, ,f,e,a,t,u,r,e, ,',T,h,e, ,R,a,i,d,', ,s,t,a,r, ,I,k,o, ,U,w,a,i,s, ,h,t,t,p,s,:,/,/,t,.,c,o,/,4,X,T,b,Y,X,d,J,K,U
T,a,y,l,o,r, ,F,o,r,c,e,',s, ,F,a,t,h,e,r, ,W,i,l,l, ,W,a,t,c,h, ,I,s,r,a,e,l,i, ,K,n,e,s,s,e,t, ,V,o,t,e, ,O,n, ,A, ,B,i,l,l, ,I,n,s,p,i,r,e,d, ,B,y, ,T,h,e, ,T,a,y,l,o,r, ,F,o,r,c,e, ,A,c,t, ,h,t,t,p,s,:,/,/,t,.,c,o,/,b,M,N,X,T,e,c,e,d,9
P,r,o,t,e,s,t,e,r,s, ,A,c,r,o,s,s, ,T,h,e, ,C,o,u,n,t,r,y, ,R,a,l,l,y, ,A,g,a,i,n,s,t, ,T,r,u,m,p,',s, ,I,m,m,i,g,r,a,t,i,o,n, ,P,o,l,i,c,i,e,s, ,h,t,t,p,s,:,/,/,t,.,c,o,/,9,m,e,K,1,I,N,l,P,S
T,h,i,s, ,o,l,d, ,b,l,a,c,k, ,M,a,c,B,o,o,k, ,w,o,k,e, ,r,i,g,h,t, ,u,p, ,a,f,t,e,r, ,e,i,g,h,t, ,y,e,a,r,s, ,h,t,t,p,s,:,/,/,t,.,c,o,/,5,X,e,h,i,N,o,Y,5,M, ,h,t,t,p,s,:,/,/,t,.,c,o,/,J,a,8,z,Q,m,g,i,Z,a
H,a,l,f, ,o,f, ,t,h,e, ,m,e,n, ,i,n, ,M,r, ,B,a,i,l,e,y,',s, ,i,m,m,e,d,i,a,t,e, ,f,a,m,i,l,y, ,e,n,d,e,d, ,u,p, ,i,n, ,p,r,i,s,o,n,., ,"""",M,y, ,B,r,o,t,h,e,r, ,M,o,o,c,h,i,e,"""", ,s,h,o,w,s, ,h,o,w, ,b,l,a,c,k, ,m,e,n,',s, ,m,i,s,t,‚Ä¶, ,h,t,t,p,s,:,/,/,t,.,c,o,/,8,0,B,h,B,M,o,f,d,M
A,r,e, ,y,o,u, ,t,h,i,n,k,i,n,g, ,a,b,o,u,t, ,l,a,u,n,c,h,i,n,g, ,a, ,b,u,s,i,n,e,s,s, ,w,i,t,h, ,y,o,u,r, ,B,F,F,?, ,h,t,t,p,s,:,/,/,t,.,c,o,/,e,X,g,z,V,W,Z,Z,R,7
N,E,W,S, ,A,L,E,R,T,:, ,P,r,e,s,i,d,e,n,t, ,@,r,e,a,l,D,o,n,a,l,d,T,r,u,m,p, ,t,o, ,a,n,n,o,u,n,c,e, ,S,u,p,r,e,m,e, ,C,o,u,r,t, ,n,o,m,i,n,e,e, ,n,o,m,i,n,e,e, ,J,u,l,y, ,9,t,h,., ,h,t,t,p,s,:,/,/,t,.,c,o,/,X,K,C,U,n,r,I,l,h,Y, ,h,t,t,p,s,:,/,/,t,.,c,o,/,l,z,s,L,1,4,O,d,B,G
R,T, ,@,n,e,o,n,t,a,s,t,e,r,:, ,T,h,e, ,f,u,n,n,y, ,t,h,i,n,g, ,a,b,o,u,t, ,t,h,i,s, ,i,s, ,t,h,a,t, ,m,i,l,l,e,n,n,i,a,l, ,s,o,c,i,a,l,i,s,t,s, ,a,r,e,n,',t, ,a,n,t,i,-,m,a,t,e,r,i,a,l,i,s,t,i,c, ,a,n,d, ,a,n,t,i,-,b,o,u,r,g,e,o,i,s,., ,T,h,e,y, ,t,h,i,n,k, ,s,o,c,i,a,l,i,s,m,‚Ä¶
üê∂,üîô,üîõ,üîù,üîú, ,h,t,t,p,s,:,/,/,t,.,c,o,/,U,I,s,p,l,t,S,4,c,V
H,e,y,"
",H,e,y, ,d,a,d,d,y,"
",H,e,y,"
",H,e,y,"
",H,e,y, ,d,a,d,d,y,"
",H,e,y,"
",H,e,y,"
",H,e,y,"
",H,e,y,"
",H,e,y, ,d,a,d,d,y,"
",H,e,y,"
",H,e,y, ,d,a,d,d,y,"
",H,e,y,"
",H,e,y,"
",H,e,y, ,d,a,d,d,y,"
",H,e,y, ,d,a,d,d,y,"
",H,e,y,"
",H,e,y,"
",H,e,y, ,"
",H,e,‚Ä¶, ,h,t,t,p,s,:,/,/,t,.,c,o,/,p,2,R,j,H,i,W,t,0,9
